date,AL,DZ,AO,AR,AU,AT,AZ,BS,BH,BD,BY,BE,BJ,BT,BO,BA,BR,BG,CA,CL,CO,CR,CI,HR,CY,CZ,DK,EC,EG,EE,FI,FR,GA,GE,DE,GR,GD,HN,HK,HU,IN,ID,IR,IQ,IE,IM,IL,IT,JP,JE,JO,KE,KW,LA,LV,LB,LT,LU,MW,MY,MV,MX,MD,MN,ME,MA,MM,NA,NP,NL,NZ,NI,NG,MK,NO,OM,PK,PS,PA,PG,PY,PE,PH,PL,PT,QA,RO,RU,WS,SA,SN,RS,SG,SK,SI,ZA,KR,ES,LK,SE,CH,TW,TZ,TH,TN,TR,UG,UA,AE,GB,US,UY,VE,VN,YE
2015-01-01,0,0,0,81,43,0,0,0,0,80,0,0,0,0,0,71,50,0,51,53,100,0,0,90,0,0,46,0,77,0,38,24,0,0,50,45,0,0,0,0,40,76,0,0,35,0,67,100,0,0,0,0,0,0,0,0,81,0,0,65,0,88,0,0,0,0,0,0,0,49,38,0,0,0,41,0,64,0,0,0,0,97,57,42,39,0,68,91,0,48,0,53,0,0,0,82,0,76,28,67,0,0,0,0,0,54,0,0,40,47,68,100,80,0,0
2015-02-01,0,0,0,87,44,0,0,0,0,0,0,0,0,0,35,0,40,0,46,68,0,0,0,66,0,0,0,100,81,0,30,48,0,0,59,40,0,0,0,0,38,71,0,0,38,0,0,54,93,0,0,85,0,0,0,0,0,0,0,88,0,57,0,0,0,0,0,0,0,47,39,0,0,0,0,0,61,0,0,0,0,0,47,40,55,0,47,0,0,0,0,52,100,0,0,58,100,68,36,60,0,0,0,0,0,79,0,0,78,50,61,0,74,0,0
2015-03-01,0,0,0,78,34,0,0,0,0,0,0,0,0,0,0,0,42,0,36,61,60,0,0,43,0,0,35,0,74,0,34,40,100,0,47,31,0,0,0,0,39,57,0,0,45,0,0,58,0,0,0,72,0,0,0,0,0,0,0,53,0,43,0,0,0,0,0,0,0,31,20,0,0,0,0,0,66,0,0,0,0,0,60,31,40,0,48,0,0,0,0,49,52,0,0,68,0,67,31,30,0,0,0,0,0,49,0,0,63,38,48,73,66,0,0
2015-04-01,0,0,0,100,100,0,0,0,0,0,0,55,0,0,0,0,71,0,100,100,73,0,0,68,100,0,100,95,67,0,46,100,0,0,51,57,0,0,0,0,69,68,0,0,100,0,62,61,0,0,0,0,0,0,0,0,78,0,0,89,0,100,0,0,0,0,0,0,0,81,100,0,0,0,100,0,76,0,0,0,0,83,100,63,100,0,95,0,0,0,100,76,100,0,100,98,0,93,81,99,83,0,0,65,0,100,0,0,88,100,100,0,79,0,0
2015-05-01,0,0,0,75,74,0,0,0,0,0,0,49,0,0,0,0,60,0,81,44,85,0,0,77,0,0,52,0,0,0,37,82,0,0,68,54,0,0,0,56,69,63,0,0,66,0,0,52,0,0,0,0,0,0,0,0,0,0,0,100,0,68,0,0,0,0,0,100,0,84,48,0,100,0,53,0,84,0,0,0,0,0,72,45,70,0,90,79,0,0,0,67,78,0,0,80,0,100,61,73,68,0,0,0,0,54,0,0,44,63,77,64,58,0,0
2015-06-01,0,100,0,73,82,0,0,0,0,100,0,71,0,0,0,0,66,0,71,83,68,0,0,97,81,80,47,89,79,0,56,82,0,0,71,59,0,0,0,0,66,100,0,0,68,0,83,70,100,0,0,100,0,0,0,0,0,0,0,75,0,81,0,0,0,0,0,0,0,60,47,0,0,0,44,0,96,0,0,0,0,0,76,63,69,0,100,94,0,100,0,57,100,0,0,100,0,90,77,48,0,0,0,67,0,70,0,0,100,57,73,79,0,0,0
2015-07-01,0,0,0,56,23,0,0,0,0,0,0,0,0,0,0,0,45,0,25,40,61,0,0,34,0,0,0,0,75,0,33,25,0,0,48,26,0,0,0,0,30,66,0,0,30,0,43,34,0,0,0,0,0,0,85,0,0,0,0,77,0,62,0,0,0,0,0,0,0,43,26,0,0,0,46,0,63,0,0,0,100,0,51,33,38,0,43,0,0,97,0,37,0,0,0,46,0,57,0,39,0,0,0,0,0,0,0,0,52,35,42,0,76,0,0
2015-08-01,0,51,0,63,20,0,0,0,0,0,0,0,0,0,0,0,34,100,34,42,47,0,0,39,0,0,36,0,49,0,27,46,0,0,0,38,0,0,0,100,31,59,0,0,43,0,82,57,0,0,0,43,0,0,88,0,72,0,0,61,0,56,0,0,0,0,0,0,0,51,19,0,0,0,0,0,57,0,0,0,0,100,38,0,42,0,85,0,0,55,0,0,0,0,0,53,0,49,36,71,0,0,0,0,0,38,0,0,45,35,47,0,0,0,0
2015-09-01,100,0,0,46,20,0,0,0,0,69,0,0,0,0,0,0,36,0,27,28,67,0,0,36,0,0,0,0,0,0,0,24,0,0,64,29,0,0,0,61,29,79,0,0,27,0,71,47,0,0,0,0,0,0,0,0,0,0,0,68,0,50,0,0,0,0,0,0,0,36,0,0,0,0,0,0,54,0,0,0,0,0,46,45,35,0,61,0,0,57,0,55,41,0,0,49,0,50,32,35,0,0,0,0,0,54,0,0,0,31,41,0,74,0,0
2015-10-01,0,0,0,51,17,0,0,0,0,55,0,0,0,0,0,0,35,0,25,47,47,0,0,76,0,0,29,0,0,0,34,31,0,0,43,27,0,0,0,0,30,0,0,0,38,0,48,30,0,0,0,0,0,0,0,0,64,0,0,54,0,36,0,0,0,0,0,0,0,38,0,0,0,0,0,0,54,0,0,0,0,82,68,30,38,0,55,0,0,38,0,35,0,0,0,51,0,52,0,35,0,0,0,0,0,58,0,0,39,30,42,0,0,0,0
2015-11-01,0,0,0,35,16,0,0,0,0,61,0,0,0,0,0,0,35,88,28,38,34,0,0,70,0,0,0,0,49,0,0,47,0,0,48,30,0,0,0,58,29,58,0,0,0,0,61,41,0,0,78,0,0,0,0,0,0,0,0,93,0,49,0,0,0,0,0,0,0,34,27,0,0,0,0,0,46,0,0,0,0,0,44,33,50,0,31,71,0,54,0,41,65,0,0,50,0,43,38,0,0,0,0,0,0,34,0,0,38,26,40,0,60,0,0
2015-12-01,0,0,0,34,15,0,0,0,0,0,0,0,0,0,0,0,28,90,22,42,75,0,0,65,0,0,41,0,0,0,0,30,0,0,0,27,0,0,0,0,34,67,0,0,36,0,0,41,0,0,0,0,0,0,0,0,0,0,0,80,0,56,0,0,0,0,0,0,0,31,21,0,0,0,0,0,33,0,0,0,0,0,54,27,54,0,31,0,0,46,0,37,53,0,0,44,0,52,30,29,0,0,0,62,0,36,0,0,35,25,36,0,64,0,0
2016-01-01,0,38,0,48,16,0,0,0,0,43,0,27,0,0,0,0,35,0,21,45,0,0,0,51,0,0,0,0,0,0,0,20,0,0,0,22,0,0,0,0,23,0,0,0,26,0,0,0,0,0,0,0,0,0,0,0,0,0,0,0,0,38,0,0,0,0,0,0,0,23,25,0,0,0,0,0,46,0,0,0,0,0,45,0,46,0,36,70,0,0,0,40,0,0,0,29,0,43,0,34,0,0,0,0,0,35,0,0,44,25,33,0,68,100,0
2016-02-01,0,0,0,51,15,0,0,0,0,0,0,0,0,0,0,0,29,0,19,0,0,0,0,53,0,0,0,0,0,0,0,27,0,0,0,0,0,0,0,0,23,35,0,0,0,0,0,70,0,0,0,0,0,0,0,0,0,0,0,42,0,34,0,0,0,0,0,0,0,25,0,0,0,0,0,0,40,0,0,0,0,0,30,36,30,0,28,0,0,0,0,45,0,0,0,35,0,36,0,0,0,0,0,0,0,0,0,0,0,21,27,0,0,0,0
2016-03-01,0,39,0,30,12,0,0,0,0,0,0,0,0,0,0,0,24,0,16,30,0,0,0,47,0,0,0,0,0,0,0,0,0,0,71,20,0,0,0,0,24,27,0,0,0,0,0,37,0,0,0,0,0,0,0,0,0,0,0,29,0,34,0,0,0,0,0,0,0,23,17,0,0,0,0,0,27,0,0,0,0,0,36,0,31,0,42,75,0,44,0,0,44,0,0,47,0,32,0,28,0,0,0,0,0,0,0,0,27,22,32,0,0,0,0
2016-04-01,0,0,0,37,43,0,0,0,0,0,0,54,0,0,0,0,36,0,38,0,36,0,0,50,0,0,36,0,50,0,0,26,0,0,43,46,0,0,0,0,46,40,0,0,39,0,0,50,0,0,0,0,0,0,0,0,0,0,0,0,0,42,0,0,0,0,0,0,0,56,30,0,0,0,0,0,37,0,0,0,0,0,47,41,61,0,39,80,0,45,0,50,75,0,0,55,0,48,33,53,0,0,0,0,0,40,0,0,44,39,33,64,0,0,0
2016-05-01,0,0,0,89,87,100,0,0,0,71,0,100,0,0,0,0,77,95,72,58,72,0,0,100,0,100,51,0,65,0,100,69,0,100,88,100,0,0,0,78,100,43,0,0,97,0,100,61,0,0,0,0,0,0,0,0,0,0,0,45,0,84,0,0,0,0,0,0,0,100,64,0,0,0,69,0,97,0,0,0,0,0,92,100,77,0,80,0,0,84,0,100,99,58,0,69,61,82,100,100,79,0,0,72,100,41,0,0,93,71,58,0,64,0,0
2016-06-01,0,43,0,77,55,0,0,0,0,63,0,53,0,0,0,0,65,0,50,40,73,0,0,67,0,77,0,0,66,0,70,43,0,0,38,69,0,0,0,0,82,79,0,0,38,0,78,64,0,0,0,0,0,0,0,0,0,0,0,51,0,52,0,0,0,0,0,0,100,65,33,0,0,0,52,0,100,0,0,0,0,0,65,66,61,0,53,0,0,65,0,50,55,0,0,55,0,60,72,0,0,0,0,0,0,49,0,0,83,55,44,0,58,0,0
2016-07-01,0,39,0,61,27,0,0,0,0,49,0,32,0,0,0,0,47,0,29,49,48,0,0,0,0,93,0,0,72,0,0,33,0,0,37,24,0,0,100,0,39,43,0,0,24,0,0,34,0,0,0,0,0,0,0,0,0,0,0,33,0,55,0,0,0,0,0,0,0,49,18,0,0,0,0,0,62,0,0,0,0,0,60,44,53,0,45,0,0,52,0,36,36,0,0,44,0,25,0,31,0,0,0,0,0,43,0,0,41,29,38,0,82,0,0
2016-08-01,0,0,0,38,19,0,0,0,0,35,0,25,0,0,0,0,31,0,24,0,37,0,0,68,0,0,0,0,41,0,0,0,0,0,0,41,0,0,0,0,23,36,0,0,0,0,0,37,0,0,0,0,0,0,92,0,0,0,0,44,0,38,0,0,0,0,0,0,84,32,31,0,0,0,0,0,39,0,0,0,0,0,45,44,46,0,0,0,0,0,0,41,0,0,0,38,0,42,0,29,0,0,0,0,0,35,0,0,33,19,33,0,50,0,0
2016-09-01,0,0,0,35,16,0,0,0,0,0,0,0,0,0,0,0,27,0,14,0,35,0,0,0,0,0,0,0,0,0,32,24,0,0,0,21,0,0,0,0,18,34,0,0,0,0,0,41,0,0,0,0,0,0,0,0,0,0,0,51,0,0,0,0,0,0,0,0,0,28,0,0,0,0,0,0,36,0,0,0,0,77,35,0,33,0,0,93,0,0,0,61,0,0,0,33,55,23,28,29,0,0,0,0,0,0,0,0,32,17,22,0,0,0,0
2016-10-01,0,0,0,38,11,0,0,0,0,32,0,0,0,0,0,0,24,0,16,0,0,0,0,47,0,0,0,0,0,0,0,0,0,0,34,23,0,0,0,0,20,25,0,0,0,0,0,36,0,0,0,0,0,0,0,0,0,0,0,35,0,32,0,0,0,0,0,0,0,24,16,0,0,0,0,0,31,0,0,0,0,0,38,25,40,0,28,0,0,0,0,31,0,0,0,31,0,33,0,0,0,0,0,0,0,0,0,0,0,17,23,0,0,0,0
2016-11-01,0,0,0,40,12,0,0,0,0,0,0,0,0,0,0,0,21,0,16,27,0,0,0,0,0,0,0,0,48,0,0,26,0,0,0,17,0,0,0,0,15,41,0,0,0,0,0,0,0,0,0,0,0,0,0,0,0,0,0,48,0,28,0,0,0,0,0,0,0,25,0,0,0,0,0,0,33,0,0,0,0,0,25,19,20,0,52,0,0,50,0,0,0,0,0,26,0,18,0,0,0,0,0,0,0,0,0,0,31,15,23,0,0,0,0
2016-12-01,0,0,0,32,11,0,0,0,0,0,0,0,0,0,0,0,21,0,12,0,60,0,0,0,0,66,0,0,0,0,0,0,0,0,0,14,0,0,0,60,15,49,0,0,0,0,0,37,0,0,0,0,0,0,0,0,0,0,0,45,0,36,0,0,0,0,0,0,0,0,16,0,0,0,0,0,26,0,0,0,0,0,42,22,34,0,0,0,0,43,0,38,47,0,0,37,0,27,29,0,0,0,0,0,0,61,0,0,0,15,25,0,0,0,0
2017-01-01,0,0,0,28,16,0,0,0,0,0,0,0,0,0,0,100,28,0,15,0,42,0,0,0,0,0,0,0,0,0,0,24,0,0,0,23,0,0,0,0,13,0,0,0,0,0,0,24,0,0,0,0,0,0,0,0,0,0,0,46,0,33,0,0,0,0,0,0,0,30,0,0,0,0,0,100,31,0,0,0,0,0,33,19,19,0,36,0,0,0,0,37,44,0,0,22,0,24,0,35,0,0,0,0,0,0,0,0,0,15,23,0,62,0,0
2017-02-01,0,0,0,32,14,0,0,0,0,0,0,0,0,0,0,0,19,0,15,0,0,0,0,0,0,0,0,0,0,0,0,26,0,0,36,17,0,0,0,0,11,41,0,0,0,0,0,27,0,0,0,0,0,0,0,0,0,0,0,0,0,26,0,0,0,0,0,0,0,24,0,0,0,0,0,0,23,0,0,0,0,0,25,0,20,0,31,0,0,0,0,0,0,0,0,17,0,15,0,0,0,0,0,85,0,0,0,0,0,13,20,0,0,0,0
2017-03-01,0,43,0,29,10,0,0,0,0,0,0,0,0,0,0,0,21,0,15,0,0,0,0,0,0,61,0,0,63,0,0,20,0,0,0,15,0,0,0,0,14,0,0,0,0,0,0,23,0,0,0,0,0,0,0,0,0,0,0,35,0,24,0,0,0,0,0,0,0,12,0,0,0,0,0,0,32,0,0,0,0,0,23,17,0,0,25,0,0,0,0,0,42,0,0,21,0,19,17,31,0,0,0,100,0,0,0,0,0,17,22,0,0,0,0
2017-04-01,0,42,0,24,10,0,0,0,0,46,0,0,0,0,0,0,21,0,14,0,38,0,0,0,0,0,0,0,0,0,0,0,0,0,0,20,0,0,0,0,13,28,0,0,0,0,0,0,0,0,0,0,0,0,0,0,0,0,0,32,0,18,0,0,0,0,0,0,0,17,18,0,0,0,38,0,27,0,0,0,0,0,36,19,0,0,0,0,0,51,0,39,0,0,0,26,0,20,20,0,0,0,0,0,0,0,0,0,31,12,18,0,67,0,0
2017-05-01,0,0,0,27,9,0,0,0,0,0,0,20,0,0,0,0,16,0,10,0,0,0,0,0,0,0,0,0,0,0,0,0,0,0,31,13,0,0,0,0,13,26,0,0,0,0,0,0,0,0,0,0,0,0,0,0,0,0,0,0,0,26,0,0,0,0,0,0,0,21,0,0,0,0,0,0,26,0,0,0,0,0,31,19,0,0,0,0,0,0,0,37,0,0,0,24,0,18,0,0,0,0,0,0,0,0,0,0,25,11,19,0,0,0,0
2017-06-01,0,0,0,0,10,0,0,0,0,0,0,0,0,0,0,0,16,0,10,0,0,0,0,0,0,0,0,0,0,0,0,0,0,0,36,15,0,0,0,0,13,30,0,0,0,0,0,30,0,0,0,0,0,0,100,0,0,0,0,0,0,34,0,0,0,0,0,0,0,21,16,0,0,0,0,0,29,0,0,0,0,0,34,23,0,0,0,0,0,55,0,35,0,0,0,17,0,14,0,0,0,0,0,0,0,0,0,0,0,10,21,0,0,0,0
2017-07-01,0,0,0,41,37,0,0,0,0,35,0,49,0,0,0,0,58,0,31,0,41,0,0,0,0,94,0,0,45,0,0,67,0,0,33,32,0,0,0,0,34,0,0,0,51,0,0,45,0,0,0,0,0,0,0,0,0,0,0,62,0,45,0,0,0,0,0,0,0,65,24,0,0,0,0,0,41,0,0,0,0,0,41,28,42,0,36,0,0,43,0,0,43,0,0,36,0,54,44,37,0,0,0,0,0,47,0,0,73,22,27,0,84,0,0
2017-08-01,0,0,0,65,63,0,0,0,0,49,0,80,0,0,0,0,100,0,49,36,46,0,100,41,0,72,36,0,55,0,0,70,0,0,42,55,0,0,0,0,46,39,0,0,70,0,83,45,0,0,0,0,0,0,0,0,0,0,0,47,0,57,0,0,0,0,62,0,0,65,29,0,0,0,0,0,84,0,0,0,0,0,55,53,88,0,72,94,0,78,0,60,49,0,0,43,0,75,63,66,100,0,0,0,0,80,0,100,74,60,35,0,70,0,0
2017-09-01,0,0,0,27,13,0,0,0,0,0,0,0,0,0,0,0,24,0,14,0,0,0,0,0,0,0,0,0,0,0,0,31,0,0,0,0,0,0,0,0,13,0,0,0,0,0,0,0,0,100,0,0,0,0,0,0,0,0,0,32,0,16,0,0,0,0,0,0,0,20,0,0,0,0,0,0,34,0,0,0,0,0,37,21,21,0,46,0,0,0,0,0,42,0,0,33,0,18,23,23,0,0,0,0,0,42,0,0,0,12,17,0,0,100,0
2017-10-01,0,0,0,27,8,0,0,0,0,0,0,0,0,0,0,0,21,0,11,0,0,0,0,0,0,0,0,0,0,0,0,0,0,0,0,0,0,0,0,0,11,0,0,0,0,0,0,0,0,0,0,0,0,0,0,0,0,0,0,0,0,21,0,0,0,0,0,0,0,18,16,0,0,0,0,0,28,0,0,0,0,0,19,0,23,0,0,0,0,0,0,0,0,0,0,17,0,16,0,0,0,0,0,0,0,0,0,0,0,12,17,0,0,0,0
2017-11-01,0,0,0,22,7,0,0,0,0,0,0,20,0,0,0,0,20,0,10,0,0,0,0,0,0,0,0,0,0,0,0,0,0,0,0,0,0,0,0,0,9,31,0,0,0,0,0,0,0,0,0,0,0,0,0,0,0,0,0,41,0,32,0,0,0,0,0,0,0,15,0,0,0,0,0,0,24,0,0,0,0,0,22,17,0,0,27,0,0,0,0,0,0,0,0,20,0,26,0,0,0,0,0,0,0,0,0,0,36,10,18,0,0,0,0
2017-12-01,0,0,0,0,7,0,0,0,0,0,0,0,0,0,0,0,18,0,10,27,47,0,0,40,0,0,0,0,0,0,0,0,0,0,30,13,0,0,0,0,10,0,0,0,0,0,0,0,0,0,0,0,0,0,0,0,0,0,0,42,0,30,0,0,0,0,0,0,0,15,15,0,0,0,0,0,22,0,0,100,0,0,27,0,0,0,0,0,0,0,0,0,0,0,0,18,0,18,0,23,0,0,0,0,0,0,0,0,0,10,17,0,0,0,0
2018-01-01,0,0,0,26,6,0,0,0,0,0,0,22,0,0,0,0,22,0,12,0,0,0,0,0,0,0,0,0,0,0,0,0,0,0,0,14,0,0,0,0,8,0,0,0,0,0,0,0,0,0,0,0,0,0,0,0,0,0,0,31,0,20,0,0,0,0,0,0,0,17,0,0,0,0,0,0,23,0,0,0,0,0,20,34,25,0,0,0,0,52,0,29,0,0,0,26,0,0,0,27,0,0,0,0,0,0,0,0,0,10,17,0,0,0,0
2018-02-01,0,0,0,19,6,0,0,0,0,0,0,0,0,0,0,0,11,0,9,0,0,0,0,0,0,0,0,0,0,0,0,0,0,0,0,18,0,0,0,0,8,0,0,0,0,0,0,0,0,0,0,0,0,0,0,0,0,0,0,0,0,17,0,0,0,0,0,0,0,20,0,0,0,0,0,0,10,0,0,0,0,0,18,0,0,0,37,0,0,0,0,0,0,0,0,14,0,18,0,0,0,0,0,0,0,42,0,0,0,12,13,0,0,0,0
2018-03-01,0,0,0,15,7,0,0,0,0,0,0,0,0,0,0,0,15,0,10,0,0,0,0,0,0,0,0,0,0,0,0,0,0,0,0,17,0,0,0,0,8,0,0,0,0,0,0,0,72,0,0,0,0,0,0,0,0,0,0,0,0,19,0,0,0,0,0,0,0,13,0,0,0,0,0,0,28,0,0,0,0,0,18,26,0,0,0,0,0,0,0,0,0,0,0,16,0,15,0,0,0,0,0,0,0,0,0,0,0,9,17,0,0,0,0
2018-04-01,0,0,0,15,5,0,0,0,0,0,0,0,0,0,0,0,9,0,8,0,0,0,0,0,0,0,0,0,0,0,0,0,0,0,0,0,0,0,0,0,8,0,0,0,0,0,0,0,0,0,0,0,0,0,0,0,0,0,0,0,0,0,0,0,0,0,0,0,0,17,0,0,0,0,0,0,17,0,0,0,0,0,19,18,0,0,28,0,0,0,0,0,0,0,0,20,0,15,0,0,0,0,0,0,0,0,0,0,0,10,14,0,0,0,0
2018-05-01,0,0,0,13,6,0,0,0,0,0,0,0,0,0,0,0,10,0,6,0,0,0,0,0,0,0,0,0,0,0,0,0,0,0,0,0,0,0,0,0,8,22,0,0,0,0,0,0,0,0,0,0,0,0,0,0,0,0,0,0,0,0,0,0,0,0,0,0,0,11,0,0,0,0,0,0,19,0,0,0,0,62,16,20,0,0,0,0,0,0,0,0,0,0,0,21,0,0,0,0,0,0,100,0,0,0,0,0,0,9,13,0,0,0,0
2018-06-01,0,0,0,0,7,0,0,0,0,0,0,0,0,0,0,0,13,0,10,0,0,0,0,0,0,0,0,82,0,0,0,0,0,0,34,0,0,0,0,0,8,0,0,0,0,0,0,0,0,0,0,0,0,0,0,0,0,0,0,0,0,29,0,0,0,0,0,0,0,16,0,0,0,0,0,0,18,0,0,0,0,0,27,0,0,0,0,0,0,0,0,0,0,0,0,25,0,0,0,0,0,0,0,0,0,0,0,0,0,9,19,0,0,0,0
2018-07-01,0,71,0,18,7,0,0,0,0,0,0,0,0,0,0,0,15,0,8,0,0,0,0,0,0,0,0,0,0,0,0,0,0,0,0,0,0,0,0,0,8,0,0,0,0,0,0,0,0,0,0,0,0,0,0,0,0,0,0,47,0,21,0,0,0,0,0,0,0,12,0,0,0,0,0,0,22,0,0,0,0,0,16,19,0,0,0,0,100,51,0,0,0,0,0,15,0,0,0,26,0,0,0,0,0,0,0,0,0,8,14,0,0,0,0
2018-08-01,0,0,0,0,4,0,0,0,0,0,0,0,0,0,0,0,14,0,6,0,0,0,0,0,0,0,0,0,0,0,0,0,0,0,0,0,0,0,0,0,5,0,0,0,0,0,0,0,0,0,0,0,0,0,0,0,0,0,0,0,0,32,0,0,0,0,0,0,0,13,0,0,0,0,0,0,14,0,0,0,0,0,0,0,0,0,0,0,0,0,0,0,0,0,0,24,38,15,19,0,0,0,0,0,0,40,0,0,0,9,12,0,0,0,0
2018-09-01,0,62,0,0,6,0,0,0,0,0,0,0,0,0,0,0,10,0,7,0,0,0,0,0,74,0,0,0,0,0,0,0,0,0,0,0,0,0,0,0,5,0,0,0,0,0,0,0,0,0,0,0,0,0,0,0,0,0,0,0,0,0,0,0,0,0,0,0,0,0,0,0,0,0,0,0,21,0,0,0,0,0,13,0,0,0,57,0,0,0,0,0,0,0,0,13,0,11,0,0,0,0,0,0,0,0,0,0,0,11,14,0,0,0,0
2018-10-01,0,0,0,0,4,0,0,0,0,0,0,0,0,0,0,0,9,0,8,0,0,0,0,0,99,0,0,0,0,0,0,0,0,0,0,15,0,0,0,0,5,0,0,0,0,0,0,0,0,0,0,0,0,0,0,0,0,0,0,0,0,16,0,0,0,0,0,0,0,11,0,0,0,0,0,0,26,0,0,0,0,0,15,19,18,0,0,0,0,0,0,0,0,0,0,14,0,12,0,0,0,0,0,0,0,0,0,0,0,7,11,0,0,0,0
2018-11-01,0,0,0,0,5,0,0,0,0,0,0,0,0,0,0,0,10,0,8,38,63,0,0,0,0,0,0,0,0,0,0,0,0,0,0,0,0,0,0,0,4,0,0,0,0,0,0,0,0,0,0,0,0,0,0,0,0,0,0,0,0,53,0,0,0,0,0,0,0,0,0,0,0,0,0,0,14,0,0,0,0,0,12,22,0,0,0,0,0,0,0,0,0,0,0,16,0,0,0,0,0,0,0,0,0,0,0,0,0,8,12,0,0,0,0
2018-12-01,0,0,0,0,6,0,0,0,0,0,0,0,0,0,0,0,12,0,8,0,0,0,0,0,0,0,0,0,0,0,0,0,0,0,0,0,0,0,0,0,4,0,0,0,0,0,0,0,0,0,0,0,0,0,0,0,0,0,0,0,0,24,0,0,0,0,0,0,0,14,0,0,0,0,0,0,16,0,0,0,0,0,21,26,0,0,31,0,0,0,0,0,0,100,0,26,0,0,0,0,0,0,0,0,0,0,0,0,0,9,16,0,0,0,0
2019-01-01,0,0,0,0,5,0,0,0,0,0,0,0,0,0,0,0,17,0,7,0,0,0,0,0,0,0,0,0,0,0,0,0,0,0,0,0,0,0,0,58,3,0,0,0,22,0,0,0,0,0,0,0,0,0,0,0,0,0,0,0,0,16,0,0,0,0,0,0,0,12,0,0,0,0,0,0,12,0,0,0,0,0,13,0,0,0,27,0,0,0,0,0,0,0,0,15,0,0,0,0,0,0,0,0,0,0,0,0,0,9,13,0,0,0,0
2019-02-01,0,0,0,0,5,0,0,0,0,0,0,0,0,0,0,0,5,0,5,0,0,0,0,0,0,0,0,0,0,0,0,0,0,0,0,0,0,0,0,0,4,0,0,0,0,0,0,0,0,0,0,0,0,0,0,0,0,0,0,0,0,24,0,0,0,0,0,0,0,14,0,0,0,100,0,0,12,0,0,0,0,0,9,0,0,0,0,0,0,0,0,0,0,0,0,15,0,0,0,0,0,0,0,0,0,0,0,0,0,9,13,0,0,0,0
2019-03-01,0,0,0,13,7,0,0,0,0,0,0,0,0,0,0,0,12,0,5,29,0,0,0,0,0,0,0,0,0,0,0,0,0,0,0,0,0,0,0,0,4,0,0,0,0,0,0,0,0,0,0,0,0,0,0,0,0,0,0,0,0,41,0,0,0,0,0,0,0,17,0,0,0,0,0,0,14,0,0,0,0,0,11,0,0,0,0,0,0,0,0,0,0,0,0,16,0,10,0,0,0,0,0,0,0,0,0,0,0,7,12,0,0,0,0
2019-04-01,0,0,0,35,21,0,0,0,0,48,0,37,0,0,0,0,59,0,16,0,0,0,0,0,0,0,0,0,47,0,0,36,0,0,0,46,0,0,0,0,13,0,0,100,46,0,0,23,0,0,0,0,0,0,0,0,0,0,0,0,0,36,0,0,0,0,0,0,0,44,23,0,0,0,0,0,47,0,0,0,0,0,33,0,21,0,31,0,0,0,0,0,0,0,0,24,0,24,33,0,0,0,0,0,0,65,0,0,0,16,19,0,0,0,0
2019-05-01,0,0,0,23,12,0,0,0,0,44,0,27,0,0,0,0,55,0,17,0,0,0,0,0,0,0,0,0,0,0,0,34,0,0,0,18,0,0,0,0,9,0,0,0,0,0,0,24,0,0,0,0,0,0,0,0,0,0,0,0,0,28,0,0,0,0,0,0,67,29,13,0,0,0,0,0,48,0,0,0,0,0,27,0,0,0,0,0,0,0,0,0,34,0,0,22,0,18,35,22,0,0,0,0,0,63,0,0,24,13,18,0,0,0,0
2019-06-01,0,0,0,20,7,0,0,0,0,0,0,0,0,0,0,0,12,0,7,0,0,0,0,0,0,0,0,0,0,0,0,0,0,0,0,0,0,0,0,0,5,0,0,0,0,0,0,0,0,0,0,0,0,0,0,0,0,0,0,0,0,0,0,0,0,0,0,0,0,14,0,100,0,0,0,0,16,0,0,0,0,0,12,0,0,0,0,0,0,0,0,0,0,0,0,18,0,14,0,0,0,0,0,0,0,0,0,0,0,9,13,0,0,0,0
2019-07-01,0,0,0,0,5,0,0,0,0,0,0,0,0,0,0,0,9,0,7,0,0,0,0,0,0,0,0,0,0,0,0,0,0,0,0,0,0,0,0,0,4,0,0,0,0,0,55,19,0,0,0,0,0,0,0,0,0,0,0,0,0,25,0,0,0,100,0,0,0,0,0,0,0,0,0,0,14,0,0,0,0,0,15,0,0,0,0,0,0,0,0,0,0,0,0,16,0,0,0,0,0,0,0,0,0,0,0,0,0,9,14,0,0,0,0
2019-08-01,0,0,0,17,6,0,0,0,0,0,0,0,0,0,0,0,9,0,6,0,0,0,0,0,0,0,0,0,0,0,0,0,0,0,0,0,0,0,0,0,4,0,0,0,0,0,0,0,0,0,0,0,0,0,0,0,0,0,0,0,0,17,0,0,0,0,0,0,0,0,0,0,0,0,0,0,13,0,0,0,0,0,14,0,0,0,0,0,0,0,0,0,0,0,0,0,0,11,0,0,0,0,0,0,0,35,0,0,0,7,11,0,0,0,0
2019-09-01,0,0,0,0,3,0,0,0,0,0,0,0,0,0,0,0,10,0,6,0,0,0,0,0,0,0,0,0,0,0,0,0,0,0,0,0,0,0,0,0,3,0,0,0,0,0,0,0,0,0,0,0,0,0,0,0,0,0,0,0,0,0,0,0,0,0,0,0,0,12,0,0,0,0,0,0,18,100,0,0,0,0,12,18,0,0,0,0,0,0,0,0,0,0,0,14,0,0,0,0,0,0,0,0,0,34,0,0,0,6,10,0,0,0,0
2019-10-01,0,0,0,10,3,0,0,0,0,0,0,0,0,0,0,0,8,0,7,0,0,0,0,0,0,0,0,0,0,100,0,0,0,0,39,0,0,0,0,0,4,0,0,0,0,0,0,0,0,0,0,0,0,0,0,0,82,0,0,0,0,0,0,0,0,0,0,0,0,0,0,0,0,0,0,0,11,0,0,0,0,0,14,0,0,0,0,0,0,0,0,0,0,0,0,13,0,10,0,0,0,0,0,0,0,0,0,0,0,5,11,0,0,0,0
2019-11-01,0,0,0,0,6,0,0,0,0,0,0,0,0,0,0,0,9,0,5,0,0,0,0,0,0,45,0,0,0,0,0,0,0,0,0,13,0,0,0,0,3,0,0,0,0,100,0,26,0,0,0,0,0,0,0,0,0,0,0,0,0,25,0,0,0,0,0,0,0,0,0,0,0,0,0,0,10,0,0,0,0,0,10,18,16,0,0,0,0,0,0,0,29,0,0,21,0,11,0,0,0,0,0,0,0,0,0,0,0,7,11,0,0,0,0
2019-12-01,0,0,0,15,4,0,0,0,0,0,0,0,0,0,0,0,7,0,6,0,0,0,0,0,0,0,0,0,0,0,0,0,0,0,0,0,0,0,0,0,3,0,0,0,0,0,0,0,0,0,0,0,0,0,0,0,0,0,0,0,0,0,0,0,0,0,0,0,0,10,15,0,0,0,0,0,0,0,0,0,0,0,17,0,0,0,0,0,0,0,0,0,0,0,0,11,0,17,0,0,0,100,0,0,0,0,0,0,0,7,12,0,0,0,0
2020-01-01,0,53,0,0,3,0,0,0,0,0,63,0,0,0,0,0,7,0,8,0,0,0,0,0,0,0,0,0,0,0,0,0,0,0,0,10,0,0,0,0,3,0,0,0,0,0,0,0,0,0,0,0,0,0,0,0,0,0,0,0,0,18,0,0,0,0,0,0,0,0,0,0,0,0,0,0,0,0,0,0,0,0,15,15,0,0,0,0,0,0,0,0,0,0,0,12,0,0,0,0,0,0,0,0,0,0,0,0,0,5,12,0,0,0,0
2020-02-01,0,0,0,0,4,0,0,0,0,0,0,0,0,0,0,0,8,0,7,0,0,0,0,0,0,0,0,0,0,0,0,0,0,0,0,0,0,0,0,0,3,0,0,0,0,0,0,0,0,0,0,0,0,0,0,0,0,0,0,0,0,0,0,0,0,0,0,0,0,0,0,0,0,0,0,0,11,0,0,0,0,0,11,0,0,0,0,0,0,0,0,0,0,0,0,0,0,13,0,0,0,0,0,0,0,0,0,0,0,6,10,0,0,0,0
2020-03-01,0,0,0,11,5,0,0,0,0,0,0,0,0,0,0,0,11,0,8,22,0,0,0,0,0,0,0,0,0,0,0,16,0,0,27,16,0,0,0,0,5,19,0,0,15,0,0,16,51,0,0,0,0,0,0,0,0,0,0,24,0,0,0,0,0,0,0,0,0,15,0,0,0,0,24,0,15,0,0,0,0,0,13,15,15,0,32,0,0,0,0,0,0,0,0,26,0,15,16,0,0,0,0,0,0,31,0,0,0,8,15,48,0,0,0
2020-04-01,0,0,0,14,6,0,0,0,0,0,0,0,0,0,100,0,12,0,7,0,0,0,0,0,0,0,0,0,0,0,0,20,0,0,0,13,0,0,0,0,8,0,0,0,0,0,39,18,0,0,0,0,0,0,0,0,0,0,0,30,100,12,0,0,0,0,0,0,0,17,0,0,0,0,0,0,20,0,0,0,0,0,18,15,15,0,30,0,0,0,0,0,0,0,0,25,0,21,0,0,0,0,0,0,0,32,0,0,0,11,17,0,0,0,0
2020-05-01,0,0,0,17,4,0,0,0,0,30,0,0,0,0,0,0,13,82,7,17,0,0,0,0,0,0,0,0,34,0,0,0,0,0,0,10,0,0,0,0,9,29,0,0,0,0,0,16,0,0,0,0,0,0,0,0,0,0,0,21,0,14,100,0,0,0,0,0,0,16,0,0,0,0,0,0,18,0,78,0,0,0,23,0,21,0,0,0,0,0,0,57,29,0,0,23,0,12,0,0,0,0,0,0,0,0,0,0,0,10,13,0,0,0,0
2020-06-01,0,0,0,18,6,0,0,81,100,0,0,0,0,0,0,0,9,0,7,0,20,0,0,0,0,0,0,0,32,0,0,0,0,0,24,0,0,0,0,0,7,0,0,0,0,0,0,18,0,0,0,0,0,0,0,0,0,0,0,19,0,0,0,0,0,0,0,0,0,10,0,0,0,0,0,0,12,0,0,0,0,0,25,0,17,0,21,0,0,0,0,0,0,0,0,13,0,0,0,0,0,0,0,0,0,0,0,66,0,9,12,0,0,0,0
2020-07-01,0,0,0,13,4,0,0,0,0,26,0,0,0,0,0,0,7,0,8,0,0,0,0,0,0,0,0,0,0,0,0,0,0,0,0,0,0,0,0,0,7,0,0,0,0,0,0,0,0,0,0,0,0,0,0,0,60,0,0,29,0,19,0,0,0,0,0,0,0,0,0,0,0,0,0,0,16,0,0,0,0,0,27,0,0,0,0,0,0,0,0,0,0,0,0,0,0,10,0,0,0,0,0,0,0,0,0,0,0,9,13,0,0,0,0
2020-08-01,0,0,0,14,0,0,0,0,0,27,0,0,0,0,0,0,9,0,6,0,0,0,0,0,0,0,0,0,0,0,0,0,0,0,23,0,0,0,0,0,5,20,0,0,0,0,0,0,0,0,0,0,0,0,0,0,0,0,0,0,0,0,0,0,0,0,0,0,0,10,11,0,0,0,0,0,7,0,0,0,0,0,19,25,0,0,22,0,0,0,0,0,0,0,0,11,0,15,0,0,0,0,0,0,0,0,0,0,19,8,12,0,0,0,0
2020-09-01,0,0,0,0,3,0,0,0,0,0,0,0,0,0,0,0,6,0,5,0,0,0,0,0,0,0,0,0,0,0,0,0,0,0,33,0,0,0,0,0,5,0,0,0,0,0,0,0,0,0,0,0,0,0,0,0,0,0,0,0,0,0,0,0,0,0,0,0,0,10,0,0,0,0,0,0,9,0,0,0,0,0,18,19,0,0,26,0,0,0,0,0,0,0,0,0,0,10,0,0,0,0,0,0,0,0,0,0,0,7,13,0,0,0,0
2020-10-01,0,0,0,10,0,0,0,0,0,0,0,0,0,0,0,0,7,0,5,0,0,0,0,0,0,65,0,0,0,0,0,0,0,0,0,0,0,0,0,0,5,24,0,0,0,0,0,0,0,0,0,0,0,0,0,0,0,0,0,23,0,11,0,0,0,0,0,0,0,0,0,0,0,0,0,0,12,0,0,0,0,0,11,0,0,0,0,0,0,0,0,0,29,0,0,10,0,0,0,0,0,0,0,0,0,0,0,0,0,7,12,0,0,0,0
2020-11-01,0,64,0,0,6,0,0,0,0,0,0,0,0,0,0,0,6,0,6,0,0,0,0,0,0,0,0,0,0,0,0,0,0,0,0,0,0,0,0,0,4,0,0,0,0,0,0,27,0,0,0,0,0,100,0,0,0,0,0,0,0,0,0,100,0,0,0,0,0,0,0,0,0,0,0,0,8,0,0,0,0,0,14,20,0,0,0,0,0,0,0,0,0,0,0,13,0,15,0,0,0,0,0,0,0,0,0,0,0,7,10,0,0,0,0
2020-12-01,0,0,0,10,3,0,0,0,0,0,0,0,0,0,0,0,7,0,7,0,0,0,0,0,0,0,0,0,0,0,0,0,0,0,0,11,0,0,0,0,4,0,0,0,0,0,0,0,0,0,0,0,0,0,0,0,0,0,0,20,0,0,0,0,0,0,0,0,0,14,0,0,0,0,0,0,11,0,0,0,0,0,12,17,0,0,31,0,0,0,0,0,0,0,0,0,0,0,0,0,0,0,0,0,0,0,0,0,0,8,15,0,0,0,0
2021-01-01,0,0,0,0,4,0,0,0,0,0,0,0,0,0,0,0,5,0,6,0,0,0,0,0,0,0,0,0,0,0,0,0,0,0,28,0,0,0,0,0,4,28,0,0,0,0,41,0,0,0,0,0,0,0,0,0,0,0,0,28,0,0,0,0,0,0,0,0,0,0,0,0,0,0,0,0,0,0,0,0,0,0,0,21,0,0,0,0,0,0,0,25,0,0,0,12,0,0,0,0,0,0,0,0,0,0,0,0,0,7,13,0,0,0,0
2021-02-01,0,0,0,0,3,0,0,0,0,0,0,0,0,0,0,0,9,0,4,0,0,0,0,0,0,0,0,0,0,0,0,0,0,0,0,0,0,0,0,0,3,24,0,0,0,0,0,0,0,0,0,0,0,0,0,0,0,0,0,0,0,0,0,0,0,0,0,0,0,11,0,0,0,0,0,0,0,0,0,0,0,0,11,0,0,0,0,0,0,0,0,0,0,0,0,13,0,0,0,0,0,0,0,0,0,0,0,0,0,7,11,0,0,0,0
2021-03-01,0,0,0,0,0,0,0,0,0,0,0,0,0,0,0,0,7,0,7,0,0,0,0,0,0,0,0,0,0,0,0,0,0,0,0,0,0,0,0,0,3,17,0,0,0,0,0,21,0,0,0,0,0,0,0,0,0,0,0,20,0,0,0,0,0,0,100,0,0,0,0,0,0,0,0,0,0,0,0,0,0,0,15,0,0,0,0,0,0,0,0,0,0,0,0,9,0,0,0,19,0,0,0,0,0,0,84,0,0,7,12,0,0,0,0
2021-04-01,0,0,0,13,3,0,0,0,0,0,0,0,0,0,0,0,6,0,6,0,0,0,0,0,0,0,0,0,0,0,0,0,0,0,26,0,0,0,0,0,4,0,0,0,0,0,0,0,0,0,0,0,0,0,0,0,0,0,0,0,0,0,0,0,0,0,0,0,0,0,20,0,0,0,0,0,9,0,0,0,0,0,10,0,0,0,0,0,0,0,0,0,0,58,0,14,0,0,0,0,0,0,0,0,0,0,0,0,0,6,11,0,0,0,0
2021-05-01,0,0,0,0,4,0,0,0,0,0,0,0,0,0,0,0,8,0,6,0,0,0,0,0,0,0,0,0,0,0,0,0,0,0,0,0,0,0,0,0,6,0,0,0,0,0,0,0,0,0,0,0,0,0,0,0,0,100,0,0,0,0,0,0,0,0,0,0,0,0,0,0,0,0,0,0,0,0,0,0,0,0,9,0,0,0,0,0,0,0,0,0,0,0,0,13,0,13,0,27,0,0,0,0,0,0,0,0,0,6,10,0,0,0,0
2021-06-01,0,0,0,12,3,0,0,0,0,0,0,0,0,100,0,0,7,88,4,0,0,0,0,0,0,0,0,0,0,0,0,0,0,0,0,0,0,0,0,0,4,20,0,0,19,0,0,0,0,0,0,0,0,0,0,0,0,0,0,18,0,0,0,0,0,0,0,0,0,0,0,0,0,0,0,0,11,0,0,0,0,0,8,0,16,0,0,0,0,0,0,0,0,0,0,11,0,0,0,0,0,0,0,0,0,0,0,0,0,5,11,0,0,0,0
2021-07-01,0,0,0,0,3,0,0,0,0,0,0,0,0,0,0,0,8,0,6,0,0,0,0,0,0,0,0,0,46,0,0,0,0,0,24,0,0,0,0,0,4,22,0,0,0,0,0,0,0,0,0,0,0,0,0,0,0,0,0,21,0,0,0,0,0,0,0,0,0,10,0,0,0,0,0,0,0,0,0,0,0,0,9,17,0,0,0,0,0,0,0,0,0,0,0,0,0,0,0,0,0,0,0,0,0,0,0,0,0,6,11,0,0,0,0
2021-08-01,0,0,0,0,0,0,0,0,0,18,0,0,0,0,0,0,5,0,5,0,0,0,0,0,0,0,0,0,0,0,0,0,0,0,0,0,0,0,0,0,3,0,0,0,0,0,0,0,0,0,0,0,0,0,0,0,0,0,0,24,0,0,0,0,0,0,0,0,0,0,0,0,0,0,0,0,0,0,0,0,0,0,11,0,0,0,0,0,0,0,0,0,0,0,0,0,31,0,0,0,0,0,0,0,0,0,0,0,0,7,10,0,0,0,0
2021-09-01,0,0,0,21,5,0,0,0,0,0,0,0,0,0,0,0,0,0,4,0,0,0,0,0,0,0,0,0,0,0,0,0,0,0,0,0,0,0,0,0,4,0,0,0,0,0,0,0,0,0,0,0,0,0,0,0,0,0,0,0,0,0,0,0,0,0,0,0,0,11,0,0,0,0,0,0,9,0,0,0,0,0,12,0,0,0,0,0,0,0,0,0,0,0,0,0,0,0,0,0,0,0,0,0,0,0,0,0,0,5,10,0,0,0,0
2021-10-01,0,0,0,0,4,0,0,0,0,0,0,0,0,0,0,0,8,0,3,0,0,0,0,0,0,0,0,0,0,0,0,0,0,0,0,0,100,0,0,0,4,21,0,0,0,0,0,0,0,0,0,0,0,0,0,0,0,0,0,0,0,0,0,0,0,0,0,0,0,0,0,0,0,0,0,0,9,0,0,0,0,0,12,19,0,0,0,0,0,0,0,0,0,0,0,12,0,0,0,0,0,0,0,0,0,0,0,0,0,7,12,0,100,0,0
2021-11-01,0,0,0,0,0,0,0,0,0,0,0,0,0,0,0,0,6,0,5,0,0,0,0,0,0,0,0,0,0,0,0,0,0,0,0,0,0,0,0,0,3,0,0,0,0,0,0,0,0,0,0,0,0,0,0,0,0,0,0,0,0,0,0,0,0,0,0,0,0,0,0,0,0,0,0,0,7,0,0,0,0,0,12,29,21,0,0,0,0,0,0,0,0,0,0,10,0,11,0,0,0,0,0,0,0,40,0,0,0,6,12,0,0,0,0
2021-12-01,0,0,0,0,5,0,0,0,0,0,0,0,0,0,0,0,7,0,5,0,0,0,0,0,0,0,0,0,0,0,0,0,0,0,0,0,0,0,0,0,4,21,0,89,0,0,0,0,0,0,0,0,0,0,0,0,0,0,0,0,0,0,0,0,100,0,0,0,0,0,0,0,0,0,0,0,0,0,0,0,0,0,8,0,0,0,0,0,0,0,0,0,0,0,0,0,0,0,0,0,0,0,0,0,0,0,0,0,0,7,12,0,0,0,0
2022-01-01,0,0,0,20,4,0,0,0,0,19,69,0,0,0,0,0,12,0,10,0,0,0,0,0,0,0,0,0,0,0,0,22,0,0,0,12,0,0,0,0,6,19,0,0,0,0,0,20,0,0,0,0,0,0,0,0,0,0,0,30,0,15,0,0,0,0,0,0,0,14,0,0,0,0,0,0,13,0,0,0,0,0,27,19,23,0,0,0,0,0,0,0,0,0,0,17,0,21,0,0,0,0,0,0,0,35,0,0,0,12,19,0,0,0,0
2022-02-01,0,0,0,0,7,0,0,0,0,0,0,0,0,0,0,0,13,0,13,0,0,0,0,0,0,0,0,0,49,0,0,23,0,0,0,11,0,0,0,0,5,29,0,0,0,0,0,0,0,0,98,0,0,0,0,0,0,0,0,38,0,13,0,0,0,0,0,0,0,14,0,0,0,0,0,0,9,0,0,0,0,0,18,20,20,0,22,0,0,0,0,0,0,0,0,11,0,0,17,0,0,0,0,0,0,38,0,0,0,9,16,0,0,0,0
2022-03-01,0,0,0,10,6,0,0,0,0,0,0,0,0,0,0,0,12,0,9,0,16,0,0,27,0,40,0,0,0,0,0,0,0,0,25,9,0,0,0,0,4,29,0,0,0,0,0,22,0,0,64,0,0,0,0,0,0,0,0,0,0,11,0,0,0,0,0,0,0,23,0,0,0,0,0,0,7,0,0,0,0,0,22,29,13,0,24,0,0,0,0,21,0,0,0,7,0,17,0,29,0,0,0,0,0,0,0,0,16,10,17,0,0,0,0
2022-04-01,0,0,0,14,5,0,0,0,0,0,0,15,0,0,0,0,10,0,9,0,0,0,0,0,0,0,34,0,22,0,0,0,0,0,61,9,0,0,0,0,5,0,0,0,0,0,34,26,0,0,0,0,0,0,0,0,0,0,0,24,0,0,0,0,0,0,0,0,0,23,11,0,0,0,0,0,12,0,0,0,0,0,21,23,20,0,33,51,0,0,0,0,0,0,0,11,0,19,0,0,0,0,0,0,0,0,0,0,0,12,18,0,54,72,0
2022-05-01,0,0,0,8,5,0,0,0,0,0,0,0,0,0,0,0,10,0,7,0,0,0,0,0,0,0,0,62,25,0,0,0,0,0,25,0,0,0,0,0,4,23,0,0,0,0,37,14,0,0,64,0,0,0,0,0,0,0,0,0,0,0,0,0,0,0,0,0,0,18,0,0,0,0,0,0,12,0,0,0,0,0,16,0,0,0,0,0,0,0,0,0,0,0,0,10,0,17,0,25,0,0,0,0,0,0,0,0,0,8,17,0,69,0,0
2022-06-01,0,0,0,13,5,0,0,0,0,0,0,0,0,0,0,0,10,0,9,0,30,0,0,0,0,0,0,0,37,0,0,0,0,0,37,0,0,0,0,0,4,29,0,0,0,0,0,18,0,0,0,0,0,0,0,0,0,0,0,0,0,0,0,0,0,0,0,0,0,19,0,0,0,0,0,0,16,0,0,0,0,0,16,19,0,0,0,0,0,0,0,0,0,0,0,9,0,21,0,0,0,0,0,0,0,0,0,0,0,10,17,0,0,0,0
2022-07-01,0,0,0,12,6,0,0,0,0,0,0,0,0,0,0,0,9,0,11,0,0,0,0,0,0,0,0,0,29,0,0,24,0,0,25,9,0,0,0,0,4,22,0,0,0,0,0,28,0,0,0,0,0,0,0,0,0,0,0,20,0,0,0,0,0,0,0,0,0,0,0,0,0,0,0,0,15,0,0,0,0,0,21,23,24,0,23,0,0,0,0,0,0,0,0,8,0,12,10,22,0,0,0,0,0,0,0,0,0,8,19,0,0,0,0
2022-08-01,0,0,0,18,5,0,0,0,0,0,0,0,0,0,0,0,10,0,10,0,0,0,0,0,0,55,0,0,0,0,30,19,0,0,43,10,0,0,0,0,5,24,0,0,19,0,34,23,0,0,0,0,0,0,0,0,0,0,0,0,0,14,0,0,0,0,0,0,0,20,0,0,0,0,0,0,13,0,0,0,0,0,21,34,15,0,31,0,0,0,0,0,0,0,0,11,0,23,0,37,0,0,0,0,0,0,0,0,0,12,23,0,0,0,0
2022-09-01,0,0,0,0,4,0,0,0,0,14,0,0,0,0,0,0,11,0,13,0,0,0,0,0,0,0,0,0,29,0,0,0,0,0,40,10,0,0,0,0,4,20,0,0,18,0,0,19,0,0,0,0,0,0,0,0,0,0,100,29,0,0,0,0,0,0,0,0,0,16,0,0,0,0,0,0,12,0,0,0,0,0,17,25,19,0,29,0,0,0,0,0,0,0,0,13,0,12,0,28,0,0,0,51,0,24,0,0,0,11,19,0,0,0,0
2022-10-01,0,0,0,11,4,0,0,0,0,0,0,0,0,0,0,0,11,0,10,0,19,0,0,0,0,0,0,0,0,0,0,22,0,0,35,0,0,0,0,0,4,19,0,0,0,0,0,21,0,0,0,0,0,0,0,0,0,0,0,23,0,0,0,0,0,0,0,0,0,0,0,0,0,0,0,0,7,0,0,0,0,0,15,29,14,0,0,0,0,0,0,0,0,0,0,11,0,16,0,23,0,0,0,0,0,30,0,0,0,11,16,0,0,0,0
2022-11-01,0,0,0,9,5,0,0,0,0,0,0,0,0,0,0,0,8,0,9,0,23,0,0,0,0,0,0,0,23,0,0,17,0,0,33,10,0,0,0,0,4,23,100,0,0,0,0,29,0,0,0,0,0,0,74,0,0,0,0,18,0,17,0,0,0,0,0,0,0,19,0,0,0,0,0,0,9,0,0,0,0,0,18,34,22,0,24,0,0,0,0,0,0,0,0,15,0,15,0,0,0,0,0,0,0,27,0,0,0,13,19,0,0,0,0
2022-12-01,0,0,0,10,4,0,0,0,0,16,0,18,0,0,0,0,13,0,9,0,0,0,0,0,0,0,0,0,24,0,0,0,0,0,50,0,0,0,0,0,5,17,0,0,0,0,0,0,45,0,0,0,0,0,0,0,0,0,0,22,0,16,0,0,0,0,0,0,0,12,0,0,0,60,0,0,9,0,0,0,0,0,19,29,18,0,35,56,0,28,0,0,0,0,0,11,0,23,0,31,0,0,0,0,0,0,0,0,0,11,23,0,0,0,0
2023-01-01,0,42,0,16,5,0,0,0,0,0,0,0,0,0,0,0,15,0,11,0,0,0,0,0,0,0,0,0,33,0,0,0,0,0,35,13,0,0,0,0,4,28,0,0,0,0,0,21,0,0,71,0,0,0,0,0,0,0,0,34,0,12,0,0,0,0,0,0,0,14,0,0,0,0,0,0,12,0,0,0,0,0,20,30,17,0,0,73,0,0,0,0,0,44,0,13,0,18,11,22,0,0,0,0,0,24,0,0,0,8,18,0,0,0,0
2023-02-01,0,47,0,18,6,0,0,0,0,0,0,0,100,0,0,0,13,0,15,0,0,0,0,0,0,0,0,0,30,0,0,0,0,0,41,9,0,0,0,0,5,31,0,0,0,0,0,48,0,0,0,0,0,0,0,0,0,0,0,26,0,0,0,0,0,0,0,0,0,26,0,0,0,0,0,0,9,0,0,0,0,0,25,41,15,0,26,0,0,0,0,25,29,0,0,11,29,26,0,28,0,0,0,0,0,23,0,0,0,16,25,0,0,0,0
2023-03-01,0,0,0,12,6,0,0,0,0,0,0,0,0,0,0,72,13,0,12,0,0,0,0,0,0,0,0,0,28,0,0,25,0,0,45,10,0,0,0,0,6,28,0,0,0,0,0,28,0,0,0,0,0,0,0,0,47,0,0,18,0,10,0,0,0,0,0,0,0,19,0,0,0,0,36,0,14,0,0,0,0,0,18,41,12,100,30,0,0,0,0,23,0,0,0,12,0,12,0,0,0,0,0,0,0,31,0,0,0,12,22,0,0,0,0
2023-04-01,0,0,0,17,7,0,0,0,0,0,0,0,0,0,0,0,12,0,8,0,0,0,0,0,0,0,0,0,0,0,0,19,0,0,36,13,0,0,0,0,5,40,0,0,16,0,0,37,0,0,74,0,0,0,0,0,0,0,0,29,0,18,0,0,0,63,0,0,0,16,0,0,0,0,0,0,11,0,0,0,0,0,19,36,0,0,24,0,0,0,0,22,0,0,0,14,0,15,0,30,0,0,0,0,0,0,0,0,0,11,19,0,0,0,0
2023-05-01,0,0,0,18,5,0,0,0,0,13,0,19,0,0,0,0,11,0,11,18,0,0,0,0,0,0,0,0,28,0,0,24,0,0,48,0,0,0,0,0,5,27,0,0,0,0,0,36,0,0,0,0,0,0,0,0,0,0,0,0,0,0,0,0,0,0,0,0,0,19,0,0,0,0,0,0,12,0,0,0,0,0,21,32,13,0,31,0,0,0,0,29,0,0,0,0,0,18,11,26,0,0,0,0,0,0,0,0,0,14,23,0,0,0,0
2023-06-01,0,0,0,15,7,0,0,0,0,15,0,0,0,0,0,0,11,0,9,0,0,0,0,0,0,38,0,0,35,0,0,16,0,0,43,10,0,0,0,0,5,33,0,0,0,0,0,22,0,0,68,0,0,0,0,0,0,0,0,27,0,0,0,0,0,0,0,0,0,19,0,0,0,0,0,0,12,0,0,0,0,0,21,37,16,0,25,0,0,0,0,0,0,0,0,11,0,20,0,25,0,0,0,0,0,0,0,0,0,11,24,0,0,0,0
2023-07-01,0,0,0,20,5,0,0,0,0,13,0,0,0,0,0,0,13,0,10,0,0,0,0,0,0,0,0,0,40,0,30,24,0,0,37,0,0,0,0,42,5,29,0,0,0,0,0,28,0,0,64,0,0,0,0,0,0,66,0,32,0,17,0,0,0,63,0,0,0,22,0,0,0,0,0,0,11,0,0,0,0,0,23,37,20,0,30,0,0,0,0,27,0,0,0,8,0,17,0,25,0,0,0,0,0,36,100,0,0,12,23,0,0,0,0
2023-08-01,0,0,0,12,7,0,0,0,0,0,0,0,0,0,0,0,13,70,16,16,0,0,0,0,0,0,0,0,49,0,0,20,0,0,46,9,0,0,0,0,5,32,0,0,0,0,0,40,0,0,100,0,0,0,0,0,0,0,0,18,0,22,0,0,0,60,0,0,0,21,12,0,0,0,0,0,13,0,0,0,0,0,23,41,13,0,37,0,0,0,0,23,0,0,0,11,0,11,0,21,0,0,0,0,0,35,63,0,0,12,23,0,0,0,0
2023-09-01,0,46,0,13,6,0,0,0,0,0,0,0,0,0,0,0,16,0,10,0,0,0,0,0,0,0,0,0,0,0,0,0,0,0,42,15,0,0,0,0,4,16,0,0,0,0,0,26,0,0,0,0,0,0,0,0,0,0,0,32,0,13,0,0,0,0,0,0,0,19,0,0,0,0,0,0,10,0,0,0,0,0,22,34,27,0,41,82,0,0,0,31,0,57,0,9,0,19,11,21,0,0,0,0,0,38,0,0,0,13,27,0,0,0,0
2023-10-01,0,39,0,10,5,0,0,0,0,0,0,0,0,0,0,0,16,0,12,0,0,0,0,0,0,0,0,0,29,0,0,26,0,0,51,0,0,0,0,57,6,32,0,0,0,0,0,33,0,0,0,0,0,0,0,0,0,0,0,29,0,23,0,0,0,0,0,0,0,18,0,0,0,0,0,0,11,0,0,0,0,0,25,29,16,0,30,0,0,0,0,0,0,0,0,14,0,29,10,28,0,0,0,0,0,0,0,0,0,12,22,0,73,0,0
2023-11-01,0,0,0,17,8,0,0,0,0,18,0,0,0,0,0,0,15,0,13,0,0,0,0,0,0,52,0,0,28,0,0,26,0,0,44,0,0,0,0,0,5,20,0,0,0,0,0,37,0,0,0,0,0,0,0,0,0,0,0,0,0,15,0,0,0,0,0,0,0,15,0,0,0,0,0,0,13,0,0,0,0,0,25,34,20,0,37,0,0,0,0,0,0,0,0,12,0,20,12,27,0,0,0,0,0,42,0,0,0,12,24,0,58,0,100
2023-12-01,0,0,0,17,7,0,0,0,0,15,0,0,0,0,0,0,18,0,15,0,0,0,0,30,0,42,0,0,0,0,0,32,0,0,79,16,0,0,0,0,7,38,0,0,0,0,0,41,0,0,0,0,0,0,0,0,0,0,0,31,0,16,0,0,0,0,0,0,0,19,0,0,0,0,0,0,15,0,0,0,0,0,28,35,19,0,48,0,0,0,0,22,0,0,0,22,0,22,0,23,0,0,0,0,0,41,0,0,0,14,26,0,0,0,0
2024-01-01,0,0,0,20,6,0,0,0,0,0,0,24,0,0,0,0,20,0,14,0,0,0,0,0,0,0,0,0,46,0,0,0,0,0,40,9,0,0,0,52,6,28,0,0,0,0,0,37,0,0,0,0,0,0,0,0,0,0,0,26,0,18,0,0,0,0,0,0,0,23,0,0,0,0,0,0,11,0,0,0,0,0,27,44,15,0,47,73,0,0,0,32,0,0,0,11,0,26,13,0,0,0,0,0,0,35,0,0,16,13,25,0,0,0,0
2024-02-01,0,0,0,25,7,0,0,0,0,0,0,0,0,0,0,0,16,0,9,28,33,0,0,0,0,0,0,0,0,0,0,33,0,0,55,12,0,0,0,0,6,40,0,0,0,0,0,39,0,0,0,0,0,0,0,0,0,0,0,36,0,0,0,0,0,0,0,0,0,23,0,0,0,0,33,0,10,0,0,0,0,0,19,41,16,0,56,0,0,0,0,0,0,0,0,11,0,27,0,0,0,0,0,0,0,50,0,0,0,14,25,0,0,0,0
2024-03-01,0,51,0,11,9,0,0,0,0,24,0,0,0,0,0,0,17,0,11,0,0,0,0,0,0,0,33,0,46,0,0,30,0,0,47,20,0,0,0,0,7,45,0,0,0,0,0,35,0,0,0,0,0,0,0,0,0,0,0,32,0,14,0,0,0,0,0,0,0,18,0,0,0,0,0,0,15,0,0,0,0,0,30,32,35,0,37,0,0,42,0,0,0,0,0,11,0,17,0,22,0,0,0,0,0,33,0,0,20,16,23,0,0,0,0
2024-04-01,0,0,0,19,9,0,0,0,0,16,0,21,0,0,0,0,16,0,10,19,0,0,0,0,0,44,0,0,31,0,0,31,0,0,55,0,0,0,0,0,7,33,0,0,23,0,47,38,0,0,0,0,0,0,0,0,0,0,0,28,0,19,0,0,0,0,0,0,0,24,13,0,0,0,0,0,19,0,0,0,0,0,24,42,31,0,30,0,0,0,0,27,0,0,0,13,0,29,14,0,0,0,0,0,0,36,0,0,0,14,24,0,0,0,0
2024-05-01,0,0,0,20,7,0,0,100,0,20,0,0,0,0,0,0,21,0,12,0,0,0,0,0,0,0,0,0,44,0,0,21,0,0,67,11,0,0,0,0,8,35,0,0,0,0,0,37,0,0,0,0,0,0,0,0,0,0,0,24,0,0,0,0,0,0,0,0,0,23,0,0,0,0,0,0,16,0,0,0,0,0,30,56,17,0,46,100,0,0,0,29,0,0,0,18,0,27,0,41,0,0,0,0,0,55,0,0,0,17,24,0,0,0,0
2024-06-01,0,0,0,0,9,0,0,0,0,24,0,17,0,0,0,0,15,0,17,0,0,0,0,0,0,56,0,0,42,0,0,34,0,0,71,0,0,0,0,0,9,40,0,0,0,0,0,34,0,0,0,0,0,0,0,0,0,0,0,26,0,0,0,0,0,0,0,0,0,17,15,0,0,0,0,0,19,0,0,0,0,0,33,51,23,0,0,0,0,0,0,0,0,0,0,21,0,20,14,0,0,0,0,0,0,58,0,0,21,17,26,0,0,0,0
2024-07-01,0,0,0,15,8,0,0,0,0,17,0,0,0,0,0,0,20,0,9,24,0,0,0,0,0,63,0,0,55,0,0,28,0,0,64,11,0,0,0,0,8,43,0,71,0,0,50,32,0,0,0,0,100,0,0,0,67,0,0,35,0,14,0,0,0,0,0,0,0,10,0,0,0,0,0,0,20,0,0,0,0,0,24,47,27,0,42,76,0,0,0,33,0,0,0,14,0,18,0,26,0,0,0,0,0,28,0,0,19,15,27,0,0,0,0
2024-08-01,0,0,0,16,9,0,0,0,0,20,0,19,0,0,0,0,22,0,15,30,0,0,0,0,0,0,0,0,42,0,0,50,0,0,64,13,0,0,0,0,9,43,0,0,0,0,0,62,0,0,0,0,0,0,0,0,68,0,0,0,0,0,0,0,0,0,0,0,0,26,0,0,27,0,31,0,16,0,0,0,0,0,30,55,27,0,52,0,0,0,0,34,30,0,0,15,0,27,0,35,0,0,0,0,0,52,0,0,0,16,26,0,0,75,0
2024-09-01,0,0,0,16,7,0,0,0,0,14,0,0,0,0,0,0,19,0,15,0,0,0,0,36,0,0,0,0,51,0,0,25,0,0,49,0,0,0,0,0,9,56,0,100,21,0,0,46,0,0,0,0,0,0,0,0,100,0,0,34,0,16,0,0,0,0,0,0,0,19,0,0,0,0,0,0,14,0,0,0,0,0,22,49,22,0,34,0,0,0,0,0,0,0,0,14,0,24,0,23,0,0,0,0,0,46,0,0,25,17,25,0,0,0,0
2024-10-01,0,0,0,20,9,79,0,0,0,0,0,0,0,0,0,0,21,0,15,19,0,0,0,0,0,49,0,0,41,0,27,41,0,0,83,0,0,0,0,60,10,37,0,0,0,0,0,54,0,0,0,0,0,0,0,0,67,0,0,32,0,21,0,0,0,0,0,0,0,25,0,0,0,0,28,0,21,0,0,0,0,0,34,38,20,0,45,0,0,0,0,31,0,0,0,13,0,23,0,47,0,0,0,0,0,35,0,0,19,16,30,0,0,0,0
2024-11-01,0,41,100,37,8,0,0,0,0,0,0,0,0,0,0,0,22,0,13,0,0,72,0,44,0,55,34,0,65,0,0,29,0,0,88,12,0,0,0,53,10,45,0,0,0,0,56,32,0,0,0,0,0,0,0,0,0,0,0,0,0,0,0,0,0,0,0,0,0,25,0,0,0,0,0,0,19,0,0,0,0,0,31,70,34,0,40,78,86,44,0,0,0,0,0,20,0,25,0,0,0,0,0,0,0,61,0,0,0,16,27,0,0,0,0
2024-12-01,0,0,0,29,8,0,0,0,0,0,0,25,0,0,0,0,23,0,19,0,0,0,55,0,0,0,0,0,0,0,0,38,0,0,59,12,0,0,0,66,10,69,0,0,0,0,0,41,0,0,0,0,0,0,0,0,0,0,0,31,0,0,0,0,0,0,0,0,0,22,0,0,0,0,0,0,19,0,0,0,0,0,34,45,23,0,51,0,0,35,0,41,0,0,0,21,0,24,20,22,82,0,0,0,0,49,0,0,21,13,27,0,0,0,0
2025-01-01,0,61,0,27,7,0,0,0,0,0,0,0,0,0,0,0,24,86,15,0,0,0,0,0,0,47,0,0,29,0,0,36,0,0,100,13,0,0,0,0,10,69,0,0,0,0,0,67,0,0,0,0,0,0,0,0,0,0,0,31,0,15,0,0,0,0,0,0,0,24,0,0,0,0,0,0,16,0,0,0,0,0,34,42,31,0,62,80,0,0,0,0,56,0,0,16,0,26,15,0,0,0,0,74,0,52,0,0,0,17,32,0,0,0,0
2025-02-01,0,0,0,22,9,0,0,0,0,22,0,30,0,0,0,0,19,0,18,0,0,0,0,0,0,0,31,0,0,0,0,52,0,0,64,0,0,0,0,0,9,48,0,0,22,0,0,54,0,0,0,0,0,0,0,0,0,0,0,47,0,23,0,0,0,0,0,0,0,22,0,0,0,0,31,0,18,0,0,0,0,0,27,56,32,0,73,0,0,41,0,43,0,0,0,20,0,27,0,40,0,0,0,0,0,56,0,0,0,20,31,0,0,0,0
2025-03-01,0,48,0,18,6,0,0,0,0,18,0,25,0,0,0,0,19,0,14,0,0,0,0,0,0,0,0,0,66,0,0,31,0,0,60,14,0,0,0,0,11,43,0,74,0,0,50,65,0,0,0,0,0,0,0,0,0,0,0,46,0,0,0,0,0,0,0,0,0,15,0,0,0,0,0,0,19,0,0,0,0,0,29,63,23,0,32,0,0,0,0,46,0,0,0,21,0,39,14,38,0,0,0,0,0,42,0,0,18,15,29,0,0,0,0
2025-04-01,0,0,0,28,12,0,0,0,0,0,0,0,0,0,0,0,21,0,16,25,0,0,0,0,0,0,0,0,52,0,0,30,0,0,81,0,0,0,0,0,10,50,0,0,0,0,48,42,64,0,0,0,0,0,0,0,0,0,0,0,0,0,0,0,0,0,0,0,0,24,20,0,0,0,0,0,19,0,0,0,0,0,36,81,26,0,45,0,0,0,0,0,0,0,0,15,0,28,0,44,0,0,0,0,0,74,0,0,0,20,34,0,0,0,0
2025-05-01,0,0,0,16,9,0,0,0,0,19,0,0,0,0,0,0,20,0,14,0,0,0,0,0,0,49,0,0,30,0,28,27,0,0,59,18,0,0,0,51,10,69,0,0,22,0,51,54,0,0,0,0,0,0,0,0,0,0,0,34,0,15,0,0,0,0,0,0,0,24,0,0,0,0,0,0,16,0,0,0,0,0,32,50,26,0,35,0,0,32,0,0,32,0,0,22,0,21,0,45,0,0,0,62,0,56,0,85,0,15,31,0,0,0,0
2025-06-01,0,0,0,27,9,0,0,0,0,29,0,0,0,0,0,0,24,0,15,20,0,0,0,0,0,0,0,0,64,0,36,27,0,0,84,13,0,0,0,0,12,34,0,0,23,0,53,45,0,0,0,34,0,0,0,100,67,0,0,49,0,14,0,0,0,0,0,0,0,21,0,0,0,0,0,0,17,0,0,0,0,0,38,66,21,0,51,82,0,49,0,34,0,0,0,15,0,34,19,0,0,0,0,0,0,65,95,0,0,14,33,0,0,0,0
2025-07-01,0,51,0,20,9,0,100,0,0,0,0,0,0,0,0,0,24,0,12,0,40,100,0,0,0,0,0,0,43,0,0,42,0,0,46,0,0,0,0,0,9,51,0,0,0,0,0,43,0,0,0,0,0,0,0,0,0,0,0,30,0,14,0,0,0,0,0,0,0,27,0,0,0,0,0,0,21,0,0,0,0,0,30,47,22,0,46,0,0,0,0,40,0,0,0,12,0,31,0,0,0,0,0,0,0,76,0,0,0,14,34,0,0,0,0
2025-08-01,0,0,0,20,7,0,0,0,0,14,0,0,0,0,0,0,17,0,16,0,0,0,0,0,0,0,0,0,55,0,30,42,0,0,71,0,0,0,0,0,9,27,0,0,0,0,0,36,0,0,0,0,0,0,0,0,0,0,0,54,0,0,0,0,0,91,0,0,0,25,0,0,0,0,37,0,19,0,0,0,0,0,29,60,16,0,58,0,0,0,0,30,0,0,0,16,0,32,0,40,0,0,0,0,0,78,0,0,0,14,29,0,0,99,0
2025-09-01,0,45,0,0,8,0,0,0,0,0,0,19,0,0,0,0,17,0,15,0,26,0,0,36,0,0,0,0,100,0,0,26,0,0,53,0,0,0,0,0,9,23,0,0,0,0,0,52,0,0,0,0,0,0,0,0,0,0,0,33,0,13,0,0,0,0,0,0,0,24,0,0,0,0,28,0,15,73,0,0,0,0,37,60,18,0,53,0,0,0,0,33,42,0,0,16,0,25,0,28,0,0,0,0,0,59,0,0,0,16,31,0,0,0,0
2025-10-01,0,0,0,21,10,0,0,0,0,18,0,0,0,0,0,0,18,0,15,20,0,0,0,42,0,0,0,0,63,0,0,34,0,0,70,0,0,0,0,0,10,32,0,0,0,0,0,47,0,0,0,0,0,0,0,0,0,0,0,57,0,14,0,0,0,0,0,0,0,26,0,0,0,0,0,0,14,0,100,0,0,0,39,51,18,0,68,0,0,43,54,27,69,0,0,17,0,30,14,0,0,0,0,62,0,68,0,87,0,17,28,0,0,0,0
2025-11-01,0,0,0,34,10,0,0,0,0,23,0,0,0,0,0,0,20,0,14,0,31,0,0,0,0,0,0,0,62,0,0,60,0,0,92,12,0,0,0,0,9,42,0,65,0,0,0,49,0,0,0,0,0,0,0,0,65,0,0,54,0,19,0,0,0,0,0,0,0,25,0,0,0,0,0,0,21,0,0,0,0,0,40,63,31,0,49,81,0,49,0,38,0,0,0,17,0,34,13,25,0,0,0,0,0,85,0,0,39,18,36,0,0,0,0
2025-12-01,0,41,0,21,8,0,0,0,0,17,100,24,0,0,0,0,15,100,14,0,0,0,0,0,0,56,0,0,65,0,0,49,0,0,69,0,0,100,0,0,10,58,0,0,0,0,0,55,67,0,0,0,0,0,0,0,0,0,0,30,0,33,0,0,0,0,0,0,0,27,20,0,0,0,0,0,18,0,0,0,0,0,46,62,28,0,72,86,0,33,0,0,0,0,0,22,0,22,0,54,0,0,0,0,0,47,0,0,24,17,37,0,0,0,0
